[
null,
{"id":1,"actions":[{"skillId":16,"rating":5,"conditionType":0,"conditionParam1":0,"conditionParam2":0}],"battlerHue":0,"battlerName":"Goddess","dropItems":[{"dataId":1,"denominator":1,"kind":0},{"dataId":1,"denominator":1,"kind":0},{"dataId":1,"denominator":1,"kind":0}],"exp":0,"traits":[{"code":22,"dataId":0,"value":0.95},{"code":31,"dataId":1,"value":0}],"gold":5,"name":"Human","note":"<NamePool: humans.txt>\n<PronounPool: any>\n<NoDefaultName>","params":[1,0,25,20,20,20,2,20]},
{"id":2,"actions":[{"skillId":16,"rating":5,"conditionType":0,"conditionParam1":0,"conditionParam2":0}],"battlerHue":0,"battlerName":"Gnome","dropItems":[{"dataId":1,"denominator":1,"kind":0},{"dataId":1,"denominator":1,"kind":0},{"dataId":1,"denominator":1,"kind":0}],"exp":0,"traits":[{"code":22,"dataId":0,"value":0.95},{"code":31,"dataId":1,"value":0}],"gold":8,"name":"Pixie","note":"<NamePool: pixies.txt>\n<PronounPool: neo-eng.txt>","params":[1,0,20,25,20,20,2,20]},
{"id":3,"actions":[{"skillId":16,"rating":5,"conditionType":0,"conditionParam1":0,"conditionParam2":0}],"battlerHue":0,"battlerName":"SF_Drone","dropItems":[{"dataId":1,"denominator":1,"kind":0},{"dataId":1,"denominator":1,"kind":0},{"dataId":1,"denominator":1,"kind":0}],"exp":0,"traits":[{"code":22,"dataId":0,"value":0.95},{"code":31,"dataId":1,"value":0}],"gold":8,"name":"Robot","note":"<NoDefaultName>\n<NamePool: robots.txt>","params":[1,50,25,20,20,20,2,20]},
{"id":4,"actions":[{"skillId":16,"rating":5,"conditionType":0,"conditionParam1":0,"conditionParam2":0}],"battlerHue":0,"battlerName":"Treant","dropItems":[{"dataId":1,"denominator":1,"kind":0},{"dataId":1,"denominator":1,"kind":0},{"dataId":1,"denominator":1,"kind":0}],"exp":0,"traits":[{"code":22,"dataId":0,"value":0.95},{"code":31,"dataId":1,"value":0},{"code":11,"dataId":2,"value":2}],"gold":15,"name":"Treant","note":"<NamePool: pixies.txt>\n<PronounPool: common-eng.txt>\n<NoDefaultName>","params":[1,50,30,20,30,30,2,30]},
{"id":5,"actions":[{"skillId":16,"rating":5,"conditionType":0,"conditionParam1":0,"conditionParam2":0}],"battlerHue":0,"battlerName":"Goddess_of_death","dropItems":[{"dataId":1,"denominator":1,"kind":0},{"dataId":1,"denominator":1,"kind":0},{"dataId":1,"denominator":1,"kind":0}],"exp":0,"traits":[{"code":22,"dataId":0,"value":0.95},{"code":31,"dataId":1,"value":0}],"gold":50,"name":"Elizabet","note":"<PronounPool: common-eng.txt>","params":[1,50,40,20,40,40,2,40]},
{"id":6,"actions":[{"skillId":16,"rating":5,"conditionType":0,"conditionParam1":0,"conditionParam2":0}],"battlerHue":0,"battlerName":"SF_Evilteddybear","dropItems":[{"dataId":1,"denominator":1,"kind":0},{"dataId":1,"denominator":1,"kind":0},{"dataId":1,"denominator":1,"kind":0}],"exp":0,"traits":[{"code":22,"dataId":0,"value":0.95},{"code":31,"dataId":1,"value":0}],"gold":50,"name":"Unbearable","note":"","params":[1,50,40,20,40,40,2,40]}
]